z,value,quantity
0.295,7.94167639,DV_over_rs
0.510,13.58758434,DM_over_rs
0.510,21.86294686,DH_over_rs
0.706,17.35069094,DM_over_rs
0.706,19.45534918,DH_over_rs
0.934,21.57563956,DM_over_rs
0.934,17.64149464,DH_over_rs
1.321,27.60085612,DM_over_rs
1.321,14.17602155,DH_over_rs
1.484,30.51190063,DM_over_rs
1.484,12.81699964,DH_over_rs
2.330,8.631545674846294,DH_over_rs
2.330,38.988973961958784,DM_over_rs